Index, Movement Mode, Trial Type, Time, X, Y, Z, Flags Collected, isFiring, Fire Count
0, torque, StraightLine, 339.52, 0, 0.15, 0, 0, False, 0
1, torque, StraightLine, 339.54, 0, 0.1461545, 0, 0, False, 0
2, torque, StraightLine, 339.56, 0, 0.1413049, 0, 0, False, 0
3, torque, StraightLine, 339.58, 0, 0.1355148, 0, 0, False, 0
4, torque, StraightLine, 339.6, 0, 0.1288472, 0, 0, False, 0
5, torque, StraightLine, 339.62, -4.23394E-12, 0.1213638, -2.11697E-12, 0, False, 0
6, torque, StraightLine, 339.64, -1.680021E-11, 0.1131254, -8.400107E-12, 0, False, 0
7, torque, StraightLine, 339.66, -3.948206E-11, 0.1041912, -1.974103E-11, 0, False, 0
8, torque, StraightLine, 339.68, -7.843132E-11, 0.09461969, -3.921566E-11, 0, False, 0
9, torque, StraightLine, 339.7, -1.373456E-10, 0.08446735, -6.754966E-11, 0, False, 0
10, torque, StraightLine, 339.72, -2.220715E-10, 0.07378954, -1.077207E-10, 0, False, 0
11, torque, StraightLine, 339.74, -3.474871E-10, 0.06264007, -1.672204E-10, 0, False, 0
12, torque, StraightLine, 339.76, -5.209142E-10, 0.05252802, -2.485486E-10, 0, False, 0
13, torque, StraightLine, 339.78, -7.993828E-10, 0.05050588, -3.732392E-10, 0, False, 0
14, torque, StraightLine, 339.8, -4.443471E-09, 0.05010122, -9.88206E-10, 0, False, 0
15, torque, StraightLine, 339.82, -9.635162E-09, 0.05002028, -1.830113E-09, 0, False, 0
16, torque, StraightLine, 339.84, -1.553747E-08, 0.05000407, -2.786924E-09, 0, False, 0
17, torque, StraightLine, 339.86, -2.189404E-08, 0.05000085, -3.808773E-09, 0, False, 0
18, torque, StraightLine, 339.88, -2.861952E-08, 0.05000019, -4.889982E-09, 0, False, 0
19, torque, StraightLine, 339.9, -3.56732E-08, 0.05000007, -6.023432E-09, 0, False, 0
20, torque, StraightLine, 339.92, -4.306117E-08, 0.05000007, -7.203083E-09, 0, False, 0
21, torque, StraightLine, 339.94, -5.077722E-08, 0.05000001, -8.442097E-09, 0, False, 0
22, torque, StraightLine, 339.96, -5.882709E-08, 0.05000001, -9.734631E-09, 0, False, 0
23, torque, StraightLine, 339.98, -6.716842E-08, 0.05000001, -1.107406E-08, 0, False, 0
24, torque, StraightLine, 340, -7.580805E-08, 0.05000001, -1.245419E-08, 0, False, 0
25, torque, StraightLine, 340.02, -8.474094E-08, 0.05000001, -1.388776E-08, 0, False, 0
26, torque, StraightLine, 340.04, -9.397202E-08, 0.05000001, -1.536812E-08, 0, False, 0
27, torque, StraightLine, 340.06, -1.035068E-07, 0.05000001, -1.68892E-08, 0, False, 0
28, torque, StraightLine, 340.08, -1.132936E-07, 0.05000001, -1.846329E-08, 0, False, 0
29, torque, StraightLine, 340.1, -1.233388E-07, 0.05000001, -2.008424E-08, 0, False, 0
30, torque, StraightLine, 340.12, -1.336503E-07, 0.05000001, -2.174598E-08, 0, False, 0
31, torque, StraightLine, 340.14, -1.442325E-07, 0.05000001, -2.344222E-08, 0, False, 0
32, torque, StraightLine, 340.16, -1.550817E-07, 0.05000001, -2.51858E-08, 0, False, 0
33, torque, StraightLine, 340.18, -1.662036E-07, 0.05000001, -2.697053E-08, 0, False, 0
34, torque, StraightLine, 340.2, -1.775583E-07, 0.05000001, -2.879002E-08, 0, False, 0
35, torque, StraightLine, 340.22, -1.891414E-07, 0.05000001, -3.065763E-08, 0, False, 0
36, torque, StraightLine, 340.24, -2.009607E-07, 0.05000001, -3.256723E-08, 0, False, 0
37, torque, StraightLine, 340.26, -2.130234E-07, 0.05000001, -3.451289E-08, 0, False, 0
38, torque, StraightLine, 340.28, -2.253356E-07, 0.05000001, -3.648839E-08, 0, False, 0
39, torque, StraightLine, 340.3, -2.378479E-07, 0.05000001, -3.850687E-08, 0, False, 0
40, torque, StraightLine, 340.32, -2.505664E-07, 0.05000001, -4.056282E-08, 0, False, 0
41, torque, StraightLine, 340.34, -2.634979E-07, 0.05000001, -4.265035E-08, 0, False, 0
42, torque, StraightLine, 340.36, -2.766505E-07, 0.05000001, -4.476341E-08, 0, False, 0
43, torque, StraightLine, 340.38, -2.900203E-07, 0.05000001, -4.691544E-08, 0, False, 0
44, torque, StraightLine, 340.4, -3.036152E-07, 0.05000001, -4.910011E-08, 0, False, 0
45, torque, StraightLine, 340.42, -3.173961E-07, 0.05000001, -5.131148E-08, 0, False, 0
46, torque, StraightLine, 340.44, -3.3136E-07, 0.05000001, -5.356329E-08, 0, False, 0
47, torque, StraightLine, 340.46, -3.455139E-07, 0.05000001, -5.584935E-08, 0, False, 0
48, torque, StraightLine, 340.48, -3.598651E-07, 0.05000001, -5.816313E-08, 0, False, 0
49, torque, StraightLine, 340.5, -3.744207E-07, 0.05000001, -6.049921E-08, 0, False, 0
50, torque, StraightLine, 340.52, -3.891319E-07, 0.05000001, -6.287114E-08, 0, False, 0
51, torque, StraightLine, 340.54, -4.040071E-07, 0.05000001, -6.527318E-08, 0, False, 0
52, torque, StraightLine, 340.56, -4.190542E-07, 0.05000001, -6.76998E-08, 0, False, 0
53, torque, StraightLine, 340.58, -4.342823E-07, 0.05000001, -7.014535E-08, 0, False, 0
54, torque, StraightLine, 340.6, -4.49688E-07, 0.05000001, -7.262372E-08, 0, False, 0
55, torque, StraightLine, 340.62, -4.652783E-07, 0.05000001, -7.51295E-08, 0, False, 0
56, torque, StraightLine, 340.64, -4.810159E-07, 0.05000001, -7.765716E-08, 0, False, 0
57, torque, StraightLine, 340.66, -4.969096E-07, 0.05000001, -8.020123E-08, 0, False, 0
58, torque, StraightLine, 340.68, -5.129579E-07, 0.05000001, -8.277586E-08, 0, False, 0
59, torque, StraightLine, 340.7, -5.291681E-07, 0.05000001, -8.537507E-08, 0, False, 0
60, torque, StraightLine, 340.72, -5.45548E-07, 0.05000001, -8.799328E-08, 0, False, 0
61, torque, StraightLine, 340.74, -5.620487E-07, 0.05000001, -9.064436E-08, 0, False, 0
62, torque, StraightLine, 340.76, -5.786793E-07, 0.05000001, -9.332207E-08, 0, False, 0
63, torque, StraightLine, 340.78, -5.954478E-07, 0.05000001, -9.60206E-08, 0, False, 0
64, torque, StraightLine, 340.8, -6.123631E-07, 0.05000001, -9.873466E-08, 0, False, 0
65, torque, StraightLine, 340.82, -6.294236E-07, 0.05000001, -1.014781E-07, 0, False, 0
66, torque, StraightLine, 340.84, -6.46638E-07, 0.05000001, -1.042453E-07, 0, False, 0
67, torque, StraightLine, 340.86, -6.639684E-07, 0.05000001, -1.070305E-07, 0, False, 0
68, torque, StraightLine, 340.88, -6.814238E-07, 0.05000001, -1.098284E-07, 0, False, 0
69, torque, StraightLine, 340.9, -6.990036E-07, 0.05000001, -1.126525E-07, 0, False, 0
70, torque, StraightLine, 340.92, -7.167162E-07, 0.05000001, -1.154967E-07, 0, False, 0
71, torque, StraightLine, 340.94, -7.345696E-07, 0.05000001, -1.183555E-07, 0, False, 0
72, torque, StraightLine, 340.96, -7.525147E-07, 0.05000001, -1.212425E-07, 0, False, 0
73, torque, StraightLine, 340.98, -7.705617E-07, 0.05000001, -1.241517E-07, 0, False, 0
74, torque, StraightLine, 341, -7.887194E-07, 0.05000001, -1.270779E-07, 0, False, 0
75, torque, StraightLine, 341.02, -8.06998E-07, 0.05000001, -1.300157E-07, 0, False, 0
76, torque, StraightLine, 341.04, -8.253958E-07, 0.05000001, -1.329785E-07, 0, False, 0
77, torque, StraightLine, 341.06, -8.439218E-07, 0.05000001, -1.359606E-07, 0, False, 0
78, torque, StraightLine, 341.08, -8.62539E-07, 0.05000001, -1.389562E-07, 0, False, 0
79, torque, StraightLine, 341.1, -8.812577E-07, 0.05000001, -1.419596E-07, 0, False, 0
80, torque, StraightLine, 341.12, -9.000748E-07, 0.05000001, -1.449843E-07, 0, False, 0
81, torque, StraightLine, 341.14, -9.190011E-07, 0.05000001, -1.480246E-07, 0, False, 0
82, torque, StraightLine, 341.16, -9.380454E-07, 0.05000001, -1.510755E-07, 0, False, 0
83, torque, StraightLine, 341.18, -9.571601E-07, 0.05000001, -1.541509E-07, 0, False, 0
84, torque, StraightLine, 341.2, -9.763561E-07, 0.05000001, -1.572458E-07, 0, False, 0
85, torque, StraightLine, 341.22, -9.956428E-07, 0.05000001, -1.603547E-07, 0, False, 0
86, torque, StraightLine, 341.24, -1.01503E-06, 0.05000001, -1.634723E-07, 0, False, 0
87, torque, StraightLine, 341.26, -1.034516E-06, 0.05000001, -1.666126E-07, 0, False, 0
88, torque, StraightLine, 341.28, -1.054066E-06, 0.05000001, -1.697706E-07, 0, False, 0
89, torque, StraightLine, 341.3, -1.073691E-06, 0.05000001, -1.72941E-07, 0, False, 0
90, torque, StraightLine, 341.32, -1.0934E-06, 0.05000001, -1.761182E-07, 0, False, 0
91, torque, StraightLine, 341.34, -1.113193E-06, 0.05000001, -1.793158E-07, 0, False, 0
92, torque, StraightLine, 341.36, -1.13308E-06, 0.05000001, -1.825281E-07, 0, False, 0
93, torque, StraightLine, 341.38, -1.153024E-06, 0.05000001, -1.857494E-07, 0, False, 0
94, torque, StraightLine, 341.4, -1.173036E-06, 0.05000001, -1.889743E-07, 0, False, 0
95, torque, StraightLine, 341.42, -1.193114E-06, 0.05000001, -1.922171E-07, 0, False, 0
96, torque, StraightLine, 341.44, -1.213271E-06, 0.05000001, -1.954722E-07, 0, False, 0
97, torque, StraightLine, 341.46, -1.233514E-06, 0.05000001, -1.987344E-07, 0, False, 0
98, torque, StraightLine, 341.48, -1.253808E-06, 0.05000001, -2.019982E-07, 0, False, 0
99, torque, StraightLine, 341.5, -1.274152E-06, 0.05000001, -2.052772E-07, 0, False, 0
100, torque, StraightLine, 341.52, -1.294558E-06, 0.05000001, -2.085657E-07, 0, False, 0
101, torque, StraightLine, 341.54, -1.315036E-06, 0.05000001, -2.118579E-07, 0, False, 0
102, torque, StraightLine, 341.56, -1.335584E-06, 0.05000001, -2.151675E-07, 0, False, 0
103, torque, StraightLine, 341.58, -1.356212E-06, 0.05000001, -2.184891E-07, 0, False, 0
104, torque, StraightLine, 341.6, -1.376884E-06, 0.05000001, -2.218175E-07, 0, False, 0
105, torque, StraightLine, 341.62, -1.397612E-06, 0.05000001, -2.251466E-07, 0, False, 0
106, torque, StraightLine, 341.64, -1.418394E-06, 0.05000001, -2.284906E-07, 0, False, 0
107, torque, StraightLine, 341.66, -1.439241E-06, 0.05000001, -2.31844E-07, 0, False, 0
108, torque, StraightLine, 341.68, -1.460161E-06, 0.05000001, -2.352017E-07, 0, False, 0
109, torque, StraightLine, 341.7, -1.481109E-06, 0.05000001, -2.385779E-07, 0, False, 0
110, torque, StraightLine, 341.72, -1.502095E-06, 0.05000001, -2.419667E-07, 0, False, 0
111, torque, StraightLine, 341.74, -1.523132E-06, 0.05000001, -2.453623E-07, 0, False, 0
112, torque, StraightLine, 341.76, -1.54423E-06, 0.05000001, -2.487595E-07, 0, False, 0
113, torque, StraightLine, 341.78, -1.565387E-06, 0.05000001, -2.52172E-07, 0, False, 0
114, torque, StraightLine, 341.8, -1.586614E-06, 0.05000001, -2.55594E-07, 0, False, 0
115, torque, StraightLine, 341.82, -1.607876E-06, 0.05000001, -2.590202E-07, 0, False, 0
116, torque, StraightLine, 341.84, -1.629183E-06, 0.05000001, -2.624457E-07, 0, False, 0
117, torque, StraightLine, 341.86, -1.650535E-06, 0.05000001, -2.65885E-07, 0, False, 0
118, torque, StraightLine, 341.88, -1.671941E-06, 0.05000001, -2.693329E-07, 0, False, 0
119, torque, StraightLine, 341.9, -1.693413E-06, 0.05000001, -2.72784E-07, 0, False, 0
120, torque, StraightLine, 341.92, -1.714914E-06, 0.05000001, -2.762328E-07, 0, False, 0
121, torque, StraightLine, 341.94, -1.736445E-06, 0.05000001, -2.796934E-07, 0, False, 0
122, torque, StraightLine, 341.96, -1.758017E-06, 0.05000001, -2.831605E-07, 0, False, 0
123, torque, StraightLine, 341.98, -1.779642E-06, 0.05000001, -2.86629E-07, 0, False, 0
124, torque, StraightLine, 342, -1.80132E-06, 0.05000001, -2.90113E-07, 0, False, 0
125, torque, StraightLine, 342.02, -1.823062E-06, 0.05000001, -2.936071E-07, 0, False, 0
126, torque, StraightLine, 342.04, -1.844831E-06, 0.05000001, -2.971056E-07, 0, False, 0
127, torque, StraightLine, 342.06, -1.866639E-06, 0.05000001, -3.006031E-07, 0, False, 0
128, torque, StraightLine, 342.08, -1.888486E-06, 0.05000001, -3.041135E-07, 0, False, 0
129, torque, StraightLine, 342.1, -1.910382E-06, 0.05000001, -3.076315E-07, 0, False, 0
130, torque, StraightLine, 342.12, -1.932336E-06, 0.05000001, -3.111512E-07, 0, False, 0
131, torque, StraightLine, 342.14, -1.954313E-06, 0.05000001, -3.146671E-07, 0, False, 0
132, torque, StraightLine, 342.16, -1.976312E-06, 0.05000001, -3.181931E-07, 0, False, 0
133, torque, StraightLine, 342.18, -1.998344E-06, 0.05000001, -3.217235E-07, 0, False, 0
134, torque, StraightLine, 342.2, -2.020421E-06, 0.05000001, -3.252528E-07, 0, False, 0
135, torque, StraightLine, 342.22, -2.042542E-06, 0.05000001, -3.287951E-07, 0, False, 0
136, torque, StraightLine, 342.24, -2.064717E-06, 0.05000001, -3.323444E-07, 0, False, 0
137, torque, StraightLine, 342.26, -2.086911E-06, 0.05000001, -3.35895E-07, 0, False, 0
138, torque, StraightLine, 342.28, -2.109133E-06, 0.05000001, -3.394418E-07, 0, False, 0
139, torque, StraightLine, 342.3, -2.131385E-06, 0.05000001, -3.42999E-07, 0, False, 0
140, torque, StraightLine, 342.32, -2.153679E-06, 0.05000001, -3.465613E-07, 0, False, 0
141, torque, StraightLine, 342.34, -2.176023E-06, 0.05000001, -3.501233E-07, 0, False, 0
142, torque, StraightLine, 342.36, -2.198372E-06, 0.05000001, -3.536996E-07, 0, False, 0
143, torque, StraightLine, 342.38, -2.220737E-06, 0.05000001, -3.572848E-07, 0, False, 0
144, torque, StraightLine, 342.4, -2.243129E-06, 0.05000001, -3.608733E-07, 0, False, 0
145, torque, StraightLine, 342.42, -2.265557E-06, 0.05000001, -3.644593E-07, 0, False, 0
146, torque, StraightLine, 342.44, -2.288022E-06, 0.05000001, -3.680571E-07, 0, False, 0
147, torque, StraightLine, 342.46, -2.310534E-06, 0.05000001, -3.716615E-07, 0, False, 0
148, torque, StraightLine, 342.48, -2.333057E-06, 0.05000001, -3.752668E-07, 0, False, 0
149, torque, StraightLine, 342.5, -2.355604E-06, 0.05000001, -3.788683E-07, 0, False, 0
150, torque, StraightLine, 342.52, -2.378173E-06, 0.05000001, -3.824797E-07, 0, False, 0
151, torque, StraightLine, 342.54, -2.400776E-06, 0.05000001, -3.860955E-07, 0, False, 0
152, torque, StraightLine, 342.56, -2.423424E-06, 0.05000001, -3.897107E-07, 0, False, 0
153, torque, StraightLine, 342.58, -2.446071E-06, 0.05000001, -3.933388E-07, 0, False, 0
154, torque, StraightLine, 342.6, -2.46873E-06, 0.05000001, -3.969745E-07, 0, False, 0
155, torque, StraightLine, 342.62, -2.49141E-06, 0.05000001, -4.006127E-07, 0, False, 0
156, torque, StraightLine, 342.64, -2.514121E-06, 0.05000001, -4.042479E-07, 0, False, 0
157, torque, StraightLine, 342.66, -2.536865E-06, 0.05000001, -4.078945E-07, 0, False, 0
158, torque, StraightLine, 342.68, -2.559651E-06, 0.05000001, -4.115473E-07, 0, False, 0
159, torque, StraightLine, 342.7, -2.582445E-06, 0.05000001, -4.152009E-07, 0, False, 0
160, torque, StraightLine, 342.72, -2.605258E-06, 0.05000001, -4.188502E-07, 0, False, 0
161, torque, StraightLine, 342.74, -2.628088E-06, 0.05000001, -4.225095E-07, 0, False, 0
162, torque, StraightLine, 342.76, -2.650947E-06, 0.05000001, -4.261734E-07, 0, False, 0
163, torque, StraightLine, 342.78, -2.673848E-06, 0.05000001, -4.298363E-07, 0, False, 0
164, torque, StraightLine, 342.8, -2.696754E-06, 0.05000001, -4.33493E-07, 0, False, 0
165, torque, StraightLine, 342.82, -2.719666E-06, 0.05000001, -4.371583E-07, 0, False, 0
166, torque, StraightLine, 342.84, -2.742594E-06, 0.05000001, -4.408261E-07, 0, False, 0
167, torque, StraightLine, 342.86, -2.765551E-06, 0.05000001, -4.444911E-07, 0, False, 0
168, torque, StraightLine, 342.88, -2.788535E-06, 0.05000001, -4.481678E-07, 0, False, 0
169, torque, StraightLine, 342.9, -2.811558E-06, 0.05000001, -4.5185E-07, 0, False, 0
170, torque, StraightLine, 342.92, -2.834584E-06, 0.05000001, -4.555326E-07, 0, False, 0
171, torque, StraightLine, 342.94, -2.857624E-06, 0.05000001, -4.592107E-07, 0, False, 0
172, torque, StraightLine, 342.96, -2.880679E-06, 0.05000001, -4.628977E-07, 0, False, 0
173, torque, StraightLine, 342.98, -2.903759E-06, 0.05000001, -4.665885E-07, 0, False, 0
174, torque, StraightLine, 343, -2.926877E-06, 0.05000001, -4.702784E-07, 0, False, 0
175, torque, StraightLine, 343.02, -2.949997E-06, 0.05000001, -4.739618E-07, 0, False, 0
176, torque, StraightLine, 343.04, -2.973119E-06, 0.05000001, -4.776524E-07, 0, False, 0
177, torque, StraightLine, 343.06, -2.996256E-06, 0.05000001, -4.813449E-07, 0, False, 0
178, torque, StraightLine, 343.08, -3.019417E-06, 0.05000001, -4.850339E-07, 0, False, 0
179, torque, StraightLine, 343.1, -3.042558E-06, 0.05000001, -4.887329E-07, 0, False, 0
180, torque, StraightLine, 343.12, -3.065691E-06, 0.05000001, -4.924364E-07, 0, False, 0
181, torque, StraightLine, 343.14, -3.088829E-06, 0.05000001, -4.961391E-07, 0, False, 0
182, torque, StraightLine, 343.16, -3.111983E-06, 0.05000001, -4.998356E-07, 0, False, 0
183, torque, StraightLine, 343.18, -3.135154E-06, 0.05000001, -5.035396E-07, 0, False, 0
184, torque, StraightLine, 343.2, -3.158353E-06, 0.05000001, -5.072461E-07, 0, False, 0
185, torque, StraightLine, 343.22, -3.181546E-06, 0.05000001, -5.109493E-07, 0, False, 0
186, torque, StraightLine, 343.24, -3.204734E-06, 0.05000001, -5.146632E-07, 0, False, 0
187, torque, StraightLine, 343.26, -3.22793E-06, 0.05000001, -5.183824E-07, 0, False, 0
188, torque, StraightLine, 343.28, -3.251145E-06, 0.05000001, -5.221016E-07, 0, False, 0
189, torque, StraightLine, 343.3, -3.274389E-06, 0.05000001, -5.258156E-07, 0, False, 0
190, torque, StraightLine, 343.32, -3.297617E-06, 0.05000001, -5.295377E-07, 0, False, 0
191, torque, StraightLine, 343.34, -3.320843E-06, 0.05000001, -5.332627E-07, 0, False, 0
192, torque, StraightLine, 343.36, -3.344077E-06, 0.05000001, -5.369852E-07, 0, False, 0
193, torque, StraightLine, 343.38, -3.367333E-06, 0.05000001, -5.407001E-07, 0, False, 0
194, torque, StraightLine, 343.4, -3.390612E-06, 0.05000001, -5.444221E-07, 0, False, 0
195, torque, StraightLine, 343.42, -3.413924E-06, 0.05000001, -5.48146E-07, 0, False, 0
196, torque, StraightLine, 343.44, -3.437234E-06, 0.05000001, -5.518663E-07, 0, False, 0
197, torque, StraightLine, 343.46, -3.460544E-06, 0.05000001, -5.555971E-07, 0, False, 0
198, torque, StraightLine, 343.48, -3.483865E-06, 0.05000001, -5.593337E-07, 0, False, 0
199, torque, StraightLine, 343.5, -3.507208E-06, 0.05000001, -5.630708E-07, 0, False, 0
200, torque, StraightLine, 343.52, -3.530539E-06, 0.05000001, -5.668032E-07, 0, False, 0
201, torque, StraightLine, 343.54, -3.553856E-06, 0.05000001, -5.705447E-07, 0, False, 0
202, torque, StraightLine, 343.56, -3.577174E-06, 0.05000001, -5.742896E-07, 0, False, 0
203, torque, StraightLine, 343.58, -3.600504E-06, 0.05000001, -5.780328E-07, 0, False, 0
204, torque, StraightLine, 343.6, -3.623857E-06, 0.05000001, -5.817691E-07, 0, False, 0
205, torque, StraightLine, 343.62, -3.647187E-06, 0.05000001, -5.85513E-07, 0, False, 0
206, torque, StraightLine, 343.64, -3.670504E-06, 0.05000001, -5.892589E-07, 0, False, 0
207, torque, StraightLine, 343.66, -3.693821E-06, 0.05000001, -5.930011E-07, 0, False, 0
208, torque, StraightLine, 343.68, -3.717139E-06, 0.05000001, -5.967534E-07, 0, False, 0
209, torque, StraightLine, 343.7, -3.740467E-06, 0.05000001, -6.005105E-07, 0, False, 0
210, torque, StraightLine, 343.72, -3.763816E-06, 0.05000001, -6.042673E-07, 0, False, 0
211, torque, StraightLine, 343.74, -3.787151E-06, 0.05000001, -6.080188E-07, 0, False, 0
212, torque, StraightLine, 343.76, -3.810473E-06, 0.05000001, -6.117788E-07, 0, False, 0
213, torque, StraightLine, 343.78, -3.833794E-06, 0.05000001, -6.155414E-07, 0, False, 0
214, torque, StraightLine, 343.8, -3.857127E-06, 0.05000001, -6.193013E-07, 0, False, 0
215, torque, StraightLine, 343.82, -3.880482E-06, 0.05000001, -6.230536E-07, 0, False, 0
216, torque, StraightLine, 343.84, -3.903814E-06, 0.05000001, -6.26812E-07, 0, False, 0
217, torque, StraightLine, 343.86, -3.927135E-06, 0.05000001, -6.305715E-07, 0, False, 0
218, torque, StraightLine, 343.88, -3.950457E-06, 0.05000001, -6.343268E-07, 0, False, 0
219, torque, StraightLine, 343.9, -3.973782E-06, 0.05000001, -6.380923E-07, 0, False, 0
220, torque, StraightLine, 343.92, -3.997121E-06, 0.05000001, -6.418626E-07, 0, False, 0
221, torque, StraightLine, 343.94, -4.020485E-06, 0.05000001, -6.45633E-07, 0, False, 0
222, torque, StraightLine, 343.96, -4.043839E-06, 0.05000001, -6.493978E-07, 0, False, 0
223, torque, StraightLine, 343.98, -4.067184E-06, 0.05000001, -6.531715E-07, 0, False, 0
224, torque, StraightLine, 344, -4.090532E-06, 0.05000001, -6.56949E-07, 0, False, 0
225, torque, StraightLine, 344.02, -4.113895E-06, 0.05000001, -6.607249E-07, 0, False, 0
226, torque, StraightLine, 344.04, -4.137283E-06, 0.05000001, -6.644942E-07, 0, False, 0
227, torque, StraightLine, 344.06, -4.16065E-06, 0.05000001, -6.68271E-07, 0, False, 0
228, torque, StraightLine, 344.08, -4.184008E-06, 0.05000001, -6.720493E-07, 0, False, 0
229, torque, StraightLine, 344.1, -4.207368E-06, 0.05000001, -6.75824E-07, 0, False, 0
230, torque, StraightLine, 344.12, -4.230741E-06, 0.05000001, -6.795898E-07, 0, False, 0
231, torque, StraightLine, 344.14, -4.254126E-06, 0.05000001, -6.833606E-07, 0, False, 0
232, torque, StraightLine, 344.16, -4.277537E-06, 0.05000001, -6.871309E-07, 0, False, 0
233, torque, StraightLine, 344.18, -4.300937E-06, 0.05000001, -6.908958E-07, 0, False, 0
234, torque, StraightLine, 344.2, -4.324327E-06, 0.05000001, -6.946696E-07, 0, False, 0
235, torque, StraightLine, 344.22, -4.347718E-06, 0.05000001, -6.984471E-07, 0, False, 0
236, torque, StraightLine, 344.24, -4.37112E-06, 0.05000001, -7.022228E-07, 0, False, 0
237, torque, StraightLine, 344.26, -4.394546E-06, 0.05000001, -7.059915E-07, 0, False, 0
238, torque, StraightLine, 344.28, -4.417951E-06, 0.05000001, -7.097674E-07, 0, False, 0
239, torque, StraightLine, 344.3, -4.441345E-06, 0.05000001, -7.135453E-07, 0, False, 0
240, torque, StraightLine, 344.32, -4.464741E-06, 0.05000001, -7.173198E-07, 0, False, 0
241, torque, StraightLine, 344.34, -4.488152E-06, 0.05000001, -7.21085E-07, 0, False, 0
242, torque, StraightLine, 344.36, -4.511576E-06, 0.05000001, -7.248552E-07, 0, False, 0
243, torque, StraightLine, 344.38, -4.535027E-06, 0.05000001, -7.286253E-07, 0, False, 0
244, torque, StraightLine, 344.4, -4.558467E-06, 0.05000001, -7.323895E-07, 0, False, 0
245, torque, StraightLine, 344.42, -4.581899E-06, 0.05000001, -7.361618E-07, 0, False, 0
246, torque, StraightLine, 344.44, -4.605334E-06, 0.05000001, -7.39937E-07, 0, False, 0
247, torque, StraightLine, 344.46, -4.628782E-06, 0.05000001, -7.437099E-07, 0, False, 0
248, torque, StraightLine, 344.48, -4.652255E-06, 0.05000001, -7.474753E-07, 0, False, 0
249, torque, StraightLine, 344.5, -4.675708E-06, 0.05000001, -7.512474E-07, 0, False, 0
250, torque, StraightLine, 344.52, -4.69915E-06, 0.05000001, -7.550212E-07, 0, False, 0
251, torque, StraightLine, 344.54, -4.722595E-06, 0.05000001, -7.587915E-07, 0, False, 0
252, torque, StraightLine, 344.56, -4.746053E-06, 0.05000001, -7.62553E-07, 0, False, 0
253, torque, StraightLine, 344.58, -4.769527E-06, 0.05000001, -7.663201E-07, 0, False, 0
254, torque, StraightLine, 344.6, -4.793025E-06, 0.05000001, -7.700878E-07, 0, False, 0
255, torque, StraightLine, 344.62, -4.816513E-06, 0.05000001, -7.738503E-07, 0, False, 0
256, torque, StraightLine, 344.64, -4.83999E-06, 0.05000001, -7.77622E-07, 0, False, 0
257, torque, StraightLine, 344.66, -4.863469E-06, 0.05000001, -7.813978E-07, 0, False, 0
258, torque, StraightLine, 344.68, -4.886963E-06, 0.05000001, -7.85172E-07, 0, False, 0
259, torque, StraightLine, 344.7, -4.910482E-06, 0.05000001, -7.889393E-07, 0, False, 0
260, torque, StraightLine, 344.72, -4.93398E-06, 0.05000001, -7.927139E-07, 0, False, 0
261, torque, StraightLine, 344.74, -4.957467E-06, 0.05000001, -7.964908E-07, 0, False, 0
262, torque, StraightLine, 344.76, -4.980956E-06, 0.05000001, -8.002648E-07, 0, False, 0
263, torque, StraightLine, 344.78, -5.004459E-06, 0.05000001, -8.04031E-07, 0, False, 0
264, torque, StraightLine, 344.8, -5.027976E-06, 0.05000001, -8.078036E-07, 0, False, 0
265, torque, StraightLine, 344.82, -5.051518E-06, 0.05000001, -8.115774E-07, 0, False, 0
266, torque, StraightLine, 344.84, -5.075049E-06, 0.05000001, -8.153473E-07, 0, False, 0
267, torque, StraightLine, 344.86, -5.098571E-06, 0.05000001, -8.191276E-07, 0, False, 0
268, torque, StraightLine, 344.88, -5.122096E-06, 0.05000001, -8.22913E-07, 0, False, 0
269, torque, StraightLine, 344.9, -5.145634E-06, 0.05000001, -8.266979E-07, 0, False, 0
270, torque, StraightLine, 344.92, -5.169197E-06, 0.05000001, -8.304768E-07, 0, False, 0
271, torque, StraightLine, 344.94, -5.19274E-06, 0.05000001, -8.342647E-07, 0, False, 0
272, torque, StraightLine, 344.96, -5.216276E-06, 0.05000001, -8.38056E-07, 0, False, 0
273, torque, StraightLine, 344.98, -5.239817E-06, 0.05000001, -8.418455E-07, 0, False, 0
274, torque, StraightLine, 345, -5.263375E-06, 0.05000001, -8.456278E-07, 0, False, 0
275, torque, StraightLine, 345.02, -5.286903E-06, 0.05000001, -8.49417E-07, 0, False, 0
276, torque, StraightLine, 345.04, -5.310413E-06, 0.05000001, -8.532075E-07, 0, False, 0
277, torque, StraightLine, 345.06, -5.333915E-06, 0.05000001, -8.569943E-07, 0, False, 0
278, torque, StraightLine, 345.08, -5.357421E-06, 0.05000001, -8.607724E-07, 0, False, 0
279, torque, StraightLine, 345.1, -5.380933E-06, 0.05000001, -8.645561E-07, 0, False, 0
280, torque, StraightLine, 345.12, -5.404459E-06, 0.05000001, -8.683397E-07, 0, False, 0
281, torque, StraightLine, 345.14, -5.42801E-06, 0.05000001, -8.72118E-07, 0, False, 0
282, torque, StraightLine, 345.16, -5.451542E-06, 0.05000001, -8.759055E-07, 0, False, 0
283, torque, StraightLine, 345.18, -5.475066E-06, 0.05000001, -8.79697E-07, 0, False, 0
284, torque, StraightLine, 345.2, -5.498594E-06, 0.05000001, -8.834874E-07, 0, False, 0
285, torque, StraightLine, 345.22, -5.522136E-06, 0.05000001, -8.872711E-07, 0, False, 0
286, torque, StraightLine, 345.24, -5.545694E-06, 0.05000001, -8.910627E-07, 0, False, 0
287, torque, StraightLine, 345.26, -5.569278E-06, 0.05000001, -8.948567E-07, 0, False, 0
288, torque, StraightLine, 345.28, -5.592852E-06, 0.05000001, -8.986477E-07, 0, False, 0
289, torque, StraightLine, 345.3, -5.616429E-06, 0.05000001, -9.024303E-07, 0, False, 0
290, torque, StraightLine, 345.32, -5.640008E-06, 0.05000001, -9.062183E-07, 0, False, 0
291, torque, StraightLine, 345.34, -5.663601E-06, 0.05000001, -9.100062E-07, 0, False, 0
292, torque, StraightLine, 345.36, -5.68722E-06, 0.05000001, -9.13789E-07, 0, False, 0
293, torque, StraightLine, 345.38, -5.710818E-06, 0.05000001, -9.175804E-07, 0, False, 0
294, torque, StraightLine, 345.4, -5.734408E-06, 0.05000001, -9.213754E-07, 0, False, 0
295, torque, StraightLine, 345.42, -5.758E-06, 0.05000001, -9.251683E-07, 0, False, 0
296, torque, StraightLine, 345.44, -5.781606E-06, 0.05000001, -9.289541E-07, 0, False, 0
297, torque, StraightLine, 345.46, -5.805227E-06, 0.05000001, -9.327475E-07, 0, False, 0
298, torque, StraightLine, 345.48, -5.828874E-06, 0.05000001, -9.365432E-07, 0, False, 0
299, torque, StraightLine, 345.5, -5.852512E-06, 0.05000001, -9.403361E-07, 0, False, 0
300, torque, StraightLine, 345.52, -5.876153E-06, 0.05000001, -9.441206E-07, 0, False, 0
301, torque, StraightLine, 345.54, -5.899799E-06, 0.05000001, -9.479115E-07, 0, False, 0
302, torque, StraightLine, 345.56, -5.92346E-06, 0.05000001, -9.517034E-07, 0, False, 0
303, torque, StraightLine, 345.58, -5.947101E-06, 0.05000001, -9.554906E-07, 0, False, 0
304, torque, StraightLine, 345.6, -5.970721E-06, 0.05000001, -9.59287E-07, 0, False, 0
305, torque, StraightLine, 345.62, -5.994332E-06, 0.05000001, -9.630877E-07, 0, False, 0
306, torque, StraightLine, 345.64, -6.017947E-06, 0.05000001, -9.668864E-07, 0, False, 0
307, torque, StraightLine, 345.66, -6.041575E-06, 0.05000001, -9.706787E-07, 0, False, 0
308, torque, StraightLine, 345.68, -6.06522E-06, 0.05000001, -9.744789E-07, 0, False, 0
309, torque, StraightLine, 345.7, -6.088843E-06, 0.05000001, -9.782814E-07, 0, False, 0
310, torque, StraightLine, 345.72, -6.112459E-06, 0.05000001, -9.820801E-07, 0, False, 0
311, torque, StraightLine, 345.74, -6.136078E-06, 0.05000001, -9.858703E-07, 0, False, 0
312, torque, StraightLine, 345.76, -6.159702E-06, 0.05000001, -9.896664E-07, 0, False, 0
313, torque, StraightLine, 345.78, -6.183342E-06, 0.05000001, -9.934632E-07, 0, False, 0
314, torque, StraightLine, 345.8, -6.206962E-06, 0.05000001, -9.972551E-07, 0, False, 0
315, torque, StraightLine, 345.82, -6.230563E-06, 0.05000001, -1.001056E-06, 0, False, 0
316, torque, StraightLine, 345.84, -6.254157E-06, 0.05000001, -1.004861E-06, 0, False, 0
317, torque, StraightLine, 345.86, -6.277757E-06, 0.05000001, -1.008665E-06, 0, False, 0
318, torque, StraightLine, 345.88, -6.301372E-06, 0.05000001, -1.012461E-06, 0, False, 0
319, torque, StraightLine, 345.9, -6.324955E-06, 0.05000001, -1.016266E-06, 0, False, 0
320, torque, StraightLine, 345.92, -6.348521E-06, 0.05000001, -1.020072E-06, 0, False, 0
321, torque, StraightLine, 345.94, -6.37208E-06, 0.05000001, -1.023874E-06, 0, False, 0
322, torque, StraightLine, 345.96, -6.395646E-06, 0.05000001, -1.027669E-06, 0, False, 0
323, torque, StraightLine, 345.98, -6.41922E-06, 0.05000001, -1.031469E-06, 0, False, 0
324, torque, StraightLine, 346, -6.442811E-06, 0.05000001, -1.03527E-06, 0, False, 0
325, torque, StraightLine, 346.02, -6.466385E-06, 0.05000001, -1.039065E-06, 0, False, 0
326, torque, StraightLine, 346.04, -6.489944E-06, 0.05000001, -1.042868E-06, 0, False, 0
327, torque, StraightLine, 346.06, -6.513499E-06, 0.05000001, -1.046675E-06, 0, False, 0
328, torque, StraightLine, 346.08, -6.537061E-06, 0.05000001, -1.050481E-06, 0, False, 0
329, torque, StraightLine, 346.1, -6.560644E-06, 0.05000001, -1.054279E-06, 0, False, 0
330, torque, StraightLine, 346.12, -6.584203E-06, 0.05000001, -1.058085E-06, 0, False, 0
331, torque, StraightLine, 346.14, -6.607749E-06, 0.05000001, -1.061892E-06, 0, False, 0
332, torque, StraightLine, 346.16, -6.631294E-06, 0.05000001, -1.065695E-06, 0, False, 0
333, torque, StraightLine, 346.18, -6.654847E-06, 0.05000001, -1.069488E-06, 0, False, 0
334, torque, StraightLine, 346.2, -6.678411E-06, 0.05000001, -1.073287E-06, 0, False, 0
335, torque, StraightLine, 346.22, -6.701995E-06, 0.05000001, -1.077085E-06, 0, False, 0
336, torque, StraightLine, 346.24, -6.725564E-06, 0.05000001, -1.080876E-06, 0, False, 0
337, torque, StraightLine, 346.26, -6.749118E-06, 0.05000001, -1.084675E-06, 0, False, 0
338, torque, StraightLine, 346.28, -6.772671E-06, 0.05000001, -1.088478E-06, 0, False, 0
